{"farPlane": 127.57059091874096, "nearPlane": 0.012837601151423298, "eyePosition": [25.745391861034587, -12.393773341210343, 0.1641399397252607], "targetPosition": [0.0, 0.055083274841308594, 0.25], "upVector": [0.025507966312821737, 0.04586532471835054, 0.9986219082531007], "viewAngle": 0.6981317007977312}