{"farPlane": 142.658, "nearPlane":   3.51466 , "upVector": [0.0, 1.0, 0.0],"targetPosition": [-7.53065, -1.02539, -0.108547], "eyePosition": [-7.53065, -1.02539, 70.1847]}
